관리번호,사업장명,동주소,자치단체코드,도로명주소,음식타입,영업시간,메뉴,업체전화번호
3240000-101-2006-00483,추담골남원추어탕, 암사동,3240000.0,서울특별시 강동구 고덕로 52 (암사동대원(아)상가1213141516호),추어탕,"수/09:30 - 21:30/21:00 라스트오더
목/09:30 - 21:30/21:00 라스트오더
금/09:30 - 21:30/21:00 라스트오더
토/09:30 - 21:30/21:00 라스트오더
일/09:30 - 21:30/21:00 라스트오더
월/09:30 - 21:30/21:00 라스트오더
화/09:30 - 21:30/21:00 라스트오더
","추어탕(돌솥밥) : 11,000원
통추어탕(돌솥밥) : 13,000원
추어튀김 중(中) : 12,000원
추어튀김 대(大) : 15,000원
돈까스 : 8,000원
추어칼국수 : 11,000원
추어전골 중 : 33,000원
추어전골 대 : 43,000원
",02-428-0446
3210000-101-2004-00631,남초원, 서초동,3210000.0,서울특별시 서초구 서리풀2길 30 (서초동32호 (지하1층 비01호)),한식,"수/10:00 - 22:00
목/10:00 - 22:00
금/10:00 - 22:00
토/10:00 - 22:00
일/정기휴무 (매주 일요일)
월/10:00 - 22:00
화/10:00 - 22:00
","생삼겹살 : 14,000원
닭볶음탕 : 35,000원
오삼볶음 : 30,000원
제육볶음 : 3,000원
두부김치 : 30,000원
",02-588-4479
3120000-101-1994-00444,고향, 창천동,3120000.0,서울특별시 서대문구 연세로5가길 18 (창천동),한식,"매일/15:00 - 새벽 02:00/14:00 - 15:00 브레이크타임
","고향갈매기살 500g : 20,000원
삼겹살 / 목살 : 8,000원
오겹살 : 13,000원
돼지왕갈비 : 14,000원
모듬A : 42,000원
모듬B : 35,000원
",02-326-3892
3220000-101-1996-14123,생김치 오겹살, 논현동,3220000.0,서울특별시 강남구 도산대로54길 14 (논현동),돼지고기구이,등록된 영업시간이 없습니다.,"생김치오겹살 160g : 15,000원
항정살 150g : 170,000원
한우차돌박이 150g : 23,000원
점심 차돌된장찌개 : 8,000원
점심 김치찌개 : 8,000원
점심 계란말이 : 7,000원
점심 계란찜 : 7,000원
물냉면 : 6,000원
비빔냉면 : 7,000원
김치칼국수 : 7,000원
고추장불고기 : 9,000원
",02-3443-7727
3180000-101-2004-00276,당산퓨전포차, 양평동4가,3180000.0,서울특별시 영등포구 양평로 75 (양평동4가),포장마차,등록된 영업시간이 없습니다.,등록된 메뉴가 없습니다.,02-2676-1435
3040000-101-2014-00014,황금오리 샤브샤브, 중곡동,3040000.0,서울특별시 광진구 용마산로 111 1층 (중곡동),오리요리,"매일/10:30 - 22:00/21:30 라스트오더
","오리샤브샤브 : 55,000원
호박오리샤브샤브 : 70,000원
2인용샤브샤브 : 32,000원
능이오리백숙 : 65,000원
호박오리 : 20,000원
점심특선) 오리샤브샤브(2인) : 26,000원
점심특선)오리샤브샤브(4인) : 48,000원
",02-444-7154
3160000-101-2022-00168,라멘짱, 신도림동,3160000.0,서울특별시 구로구 경인로 662 지하1층 (신도림동 디큐브시티),일본식라면,등록된 영업시간이 없습니다.,등록된 메뉴가 없습니다.,등록된 전화번호가 없습니다.
3170000-101-2022-00119,할머니가래떡볶이, 독산동,3170000.0,서울특별시 금천구 벚꽃로 40 113동 116호 (독산동 금천 롯데캐슬 골드파크 1차),분식,"수/11:00 - 22:00
목/11:00 - 22:00
금/11:00 - 22:00
토/11:00 - 22:00
일/11:00 - 22:00
월/11:00 - 22:00
화/정기휴무 (매주 화요일)
","로제가래떡볶이 : 8,900원
남포동 1인 떡볶이 : 7,900원
남순모 SET : 17,900원
남포동과 순살치킨 : 15,900원
할머니가래떡볶이 : 13,900원
남김모 SET : 17,900원
",02-895-1879
3210000-101-2004-02007,펍이천십, 서초동,3210000.0,서울특별시 서초구 서운로 6 코날빌딩 지하1층 (서초동),양식,"수/10:00 - 22:00
목/10:00 - 22:00
금/10:00 - 22:00
토/10:00 - 22:00
일/정기휴무 (매주 일요일)
월/10:00 - 22:00
화/정기휴무 (매주 화요일)
","와인 : 몬테스,피노 2017 : 변동
",02-546-1101
3150000-101-2018-00259,영지식당, 화곡동,3150000.0,서울특별시 강서구 곰달래로 242 진양빌딩 1층 (화곡동),한식,등록된 영업시간이 없습니다.,등록된 메뉴가 없습니다.,등록된 전화번호가 없습니다.
3240000-101-2012-00130,지우참치, 명일동,3240000.0,서울특별시 강동구 양재대로128길 7 1층 (명일동),생선회,등록된 영업시간이 없습니다.,"혼술세트(16p) : 19,900원
지SET(25p) : 29,900원
우SET(30p) : 36,900원
프리미엄(25p) : 39,900원
참다랑어세트(20p) : 39,900원
혼술세트(16p) : 19,900원
지SET(25p) : 29,900원
우SET(30p) : 36,900원
프리미엄(25p) : 39,900원
참다랑어세트(20p) : 39,900원
참다랑어배꼽(180g) : 44,000원
참다랑어오도로(180g) : 42,000원
참다랑어적신(180g) : 25,000원
참다랑어배꼽(5p) : 15,000원
메까도로(180g) : 30,000원
김(5봉) : 1,000원
5칸반찬(1세트) : 2,000원
장국(1컵) : 500원
회무침 : 1,500원
초대리밥 : 500원
",등록된 전화번호가 없습니다.
3130000-101-2022-00484,일마일라, 서교동,3130000.0,서울특별시 마포구 와우산로29마길 16 1층 우측호 (서교동),중식당,"수/12:00 - 22:30/21:45 라스트오더
목/12:00 - 22:30/21:45 라스트오더
금/12:00 - 22:30/21:45 라스트오더
토/12:00 - 22:30/21:45 라스트오더
일/12:00 - 22:30/21:45 라스트오더
월/정기휴무 (매주 월요일)
화/12:00 - 22:30/21:45 라스트오더
","기본(훠궈탕+깐양20꼬치) : 18,000원
꼬치류 : 500~1,000
우삼겹 : 7,000원
양고기 : 5,000원
야채 : 2,000~5,000
수제세우완자 : 10,000원
",070-5168-8578
3160000-101-2019-00360,신불떡볶이, 구로동,3160000.0,서울특별시 구로구 디지털로31길 120 한신휴플러스아파트 상가2동 1층 232호 (구로동 한신휴플러스아파트),분식,"매일/12:00 - 23:00
","떡볶이 : 5,500원
치즈떡볶이 : 6,500원
[New] 뿌리링치즈 순살치킨(8개) : 6,000원
[New] 뿌리링치즈 찹쌀핫도그(3개) : 5,500원
떡순튀세트(떡볶이1,순대1,모듬튀김1 )(세트) : 17,000원
알뜰세트 1 : 15,000원
신불로제떡볶이( 1~2인분) : 13,000원
떡볶이 : 5,500원
치즈떡볶이 : 6,500원
신불순대(껍질X,내장X)(1인분) : 4,500원
신불김밥(매콤) : 4,500원
신불모듬튀김A(오뎅6 만두2 김말이2 잡채2 춘권2)(1세트) : 6,000원
신메뉴모듬튀김(해쉬2 어니언링4 돈까스2 집게맛살2)(1세트) : 6,000원
[New] 뿌리링치즈 순살치킨(8개) : 6,000원
[New] 뿌리링치즈 찹쌀핫도그(3개) : 5,500원
[New] 어니언링튀김(양파링)(6개) : 2,000원
SET 1 : 11,500원
SET 2 : 13,500원
SET 3 : 18,000원
SET 4 : 19,000원
SET 5 : 21,000원
신불 SET : 20,500원
스페셜 SET : 25,000원
신불소떡소떡(1개) : 3,500원
쿨피스큰거(930ml) : 2,000원
코카콜라(500ml)(1개) : 2,000원
스프라이트(500ml)(1개) : 2,000원
",02-6368-4567
3140000-101-2022-00167,떡볶이마켓, 신월동,3140000.0,서울특별시 양천구 남부순환로 398 1층 (신월동),떡볶이,"수/11:00 - 22:00/15:00 - 16:00 브레이크타임/21:30 라스트오더
목/11:00 - 22:00/15:00 - 16:00 브레이크타임/21:30 라스트오더
금/11:00 - 22:00/15:00 - 16:00 브레이크타임/21:30 라스트오더
토/11:00 - 22:00/15:00 - 16:00 브레이크타임/21:30 라스트오더
일/정기휴무 (매주 일요일)
월/11:00 - 22:00/15:00 - 16:00 브레이크타임/21:30 라스트오더
화/11:00 - 22:00/15:00 - 16:00 브레이크타임/21:30 라스트오더
","2인세트 : 15,000원
즉석 떡볶이 : 4,000원
야끼만두 3개 : 2,000원
야채튀김 1개 : 1,000원
오징어튀김 2개 : 2,000원
김말이 3개 : 2,000원
볶음밥 : 2,000원
치즈볶음밥 : 3,000원
꼬마참치김밥 : 3,000원
계란 : 500원
치즈 : 2,000원
소세지 : 1,500원
오뎅 : 1,500원
쫄면 : 1,500원
라면 : 1,500원
",010-7928-6531
3000000-101-2021-00067,카페가가, 평창동,3000000.0,서울특별시 종로구 평창문화로 154 안성빌딩 지하1층 (평창동),"카페,디저트","수/08:30 - 17:00
목/08:30 - 17:00
금/08:30 - 17:00
토/12:00 - 18:00
일/12:00 - 18:00
월/08:30 - 17:00
화/08:30 - 17:00
","에스프레소 : 2,900원
아메리카노 : 3,200원
카페라떼 : 4,000원
",등록된 전화번호가 없습니다.
3070000-101-1993-04247,은혜식당, 장위동,3070000.0,서울특별시 성북구 장위로15길 4 (장위동),종합분식,등록된 영업시간이 없습니다.,등록된 메뉴가 없습니다.,02-914-7402
3240000-101-2011-00017,금별맥주, 길동,3240000.0,서울특별시 강동구 양재대로111길 15 115116호 (길동 탑스위트),"맥주,호프","매일/17:00 - 새벽 02:00
","달콤 벌꿀맥주 : 5,000원
피치트리 토닉 : 6,500원
호세쿠엘보(자몽) : 7,500원
오징어가라아게 : 7,900원
허니치킨가라아게 : 7,900원
리코타치즈와 크래커 : 7,900원
페스츄리피자(페페로니/베이컨치즈) : 8,900원
쫀쫀한버터오징어 : 8,900원
닭껍질교자만두 : 8,900원
매콤크림떡볶이 : 9,900원
햄야채 치즈돈카츠(feat.감자튀김) : 9,900원
달콤 아이스망고(feat.아이스크림) : 9,900원
버팔로윙과감자 : 13,900원
바지락버터술찜 : 13,900원
사모님!감바스 : 14,900원
",02-470-0200
3190000-101-2020-00246,호로록 멸치국수, 사당동,3190000.0,서울특별시 동작구 동작대로7길 6 1층 (사당동),국수,등록된 영업시간이 없습니다.,등록된 메뉴가 없습니다.,등록된 전화번호가 없습니다.
3130000-101-2022-00483,자자, 합정동,3130000.0,서울특별시 마포구 독막로 18 합정하이팍빌딩 1층 101호 (합정동),중식당,"수(8/24)/휴무
목/11:00 - 21:30/15:00 - 17:00 브레이크타임/14:30, 21:00 라스트오더
금/11:00 - 21:30/15:00 - 17:00 브레이크타임/14:30, 21:00 라스트오더
토/11:00 - 21:30/15:00 - 17:00 브레이크타임/14:30, 21:00 라스트오더
일/11:00 - 21:30/15:00 - 17:00 브레이크타임/14:30, 21:00 라스트오더
월/11:00 - 21:30/15:00 - 17:00 브레이크타임/14:30, 21:00 라스트오더
화/11:00 - 21:30/15:00 - 17:00 브레이크타임/14:30, 21:00 라스트오더
","해물짬뽕 : 15,000원
고추간짜장 : 9,000원
두시기 : 25,000원
칠리중새우 : 30,000원
팔보채 : 38,000원
마파두부밥 : 10,000원
백고추해물짬뽕 : 15,000원
잡탕밥 : 16,000원
유린기 : 24,000원
깐풍기 : 24,000원
공보기정 : 25,000원
고추잡채 : 25,000원
깐풍중새우 : 30,000원
크림중새우 : 30,000원
꽃빵 4 ps : 4,000원
",02-336-3389
3000000-101-2022-00147,다&원, 종로5가,3000000.0,서울특별시 종로구 종로 235-1 1층 (종로5가),"카페,디저트",등록된 영업시간이 없습니다.,등록된 메뉴가 없습니다.,02-742-2389
3130000-101-2022-00482,백국밥, 상암동,3130000.0,서울특별시 마포구 성암로15길 35 1층 (상암동),국밥,"수/10:00 - 15:00
목/10:00 - 15:00
금/10:00 - 15:00
토/10:00 - 15:00
일/정기휴무 (매주 일요일)
월/10:00 - 15:00
화/10:00 - 15:00
","맑은 동남아국밥 : 9,500원
얼큰 동남아국밥 : 9,500원
맑은 동남아국밥(특) : 12,000원
얼큰 동남아국밥(특) : 12,000원
살얼음냉소바 : 8,000원
깐풍만두 (6ea) : 5,000원
떡갈비 2개 : 5,000원
",02-3152-8363
3040000-101-2022-00210,국민냉면, 중곡동,3040000.0,서울특별시 광진구 자양로43길 47 1층 (중곡동),냉면,"매일/11:00 - 21:00
","물냉면~~ : 7,500원
비빔냉면~~ : 7,500원
초계국수 : 9,000원
초계비빔국수 : 9,000원
솔로세트A : 13,000원
물냉면~~ : 7,500원
비빔냉면~~ : 7,500원
만두6EA : 7,000원
솔로세트A : 13,000원
솔로세트B : 13,000원
무김치 : 1,000원
육수추가 : 1,000원
물냉면다데기 추가 : 1,000원
비빔냉면다데기 추가 : 1,000원
콜라(245ml) : 1,000원
",02-446-8778
3220000-101-2022-00709,사우, 역삼동,3220000.0,서울특별시 강남구 역삼로14길 12 지상1층 103호 (역삼동),"카페,디저트","수/10:00 - 22:00
목/10:00 - 22:00
금/10:00 - 22:00
토/10:00 - 22:00
일/정기휴무 (매주 일요일)
월/10:00 - 22:00
화/10:00 - 22:00
","준비중 : 무료
",070-4151-5226
3020000-101-2001-07882,명태한마리전성시대, 한강로1가,3020000.0,서울특별시 용산구 한강대로62나길 13 (한강로1가(지상1층)),"해물,생선요리","수/11:00 - 21:30/15:00 - 17:00 브레이크타임/21:00 라스트오더
목/11:00 - 21:30/15:00 - 17:00 브레이크타임/21:00 라스트오더
금/11:00 - 21:30/15:00 - 17:00 브레이크타임/21:00 라스트오더
토/11:00 - 21:00/15:00 - 17:00 브레이크타임/20:30 라스트오더
일/정기휴무 (매주 일요일)
월/11:00 - 21:30/15:00 - 17:00 브레이크타임/21:00 라스트오더
화/11:00 - 21:30/15:00 - 17:00 브레이크타임/21:00 라스트오더
",등록된 메뉴가 없습니다.,02-790-3389
3130000-101-2022-00481,르보분, 망원동,3130000.0,서울특별시 마포구 희우정로 118 1층 일부호 (망원동),아시아음식,"수/11:30 - 22:00/15:00 - 17:30 브레이크타임/21:15 라스트오더
목/11:30 - 22:00/15:00 - 17:30 브레이크타임/21:15 라스트오더
금/11:30 - 22:00/15:00 - 17:30 브레이크타임/21:15 라스트오더
토/11:30 - 22:00/15:00 - 17:30 브레이크타임/21:15 라스트오더
일/11:30 - 22:00/15:00 - 17:30 브레이크타임/21:15 라스트오더
월/정기휴무 (매주 월요일)
화/11:30 - 22:00/15:00 - 17:30 브레이크타임/21:15 라스트오더
","반미-돼지 : 8,800원
돼지목살구이 : 18,000원
XO소스 해산물 누들 : 17,000원
짐빔 하이볼 : 8,000원
연태 하이볼 : 7,500원
화요 하이볼 : 8,000원
반미-닭 : 8,800원
보분-돼지 : 11,900원
보분-닭 : 11,900원
커리 버터 라이스 : 10,800원
가지 튀김 : 9,000원
새우 감자 사라다 : 7,500원
항정살 볶음과 새우칩 : 18,500원
똥양꿍 라면 : 11,000원
생강 커스타드 : 3,000원
",070-4223-0531
3140000-101-2017-00062,꼼장어네, 목동,3140000.0,서울특별시 양천구 목동중앙본로18길 6 지상1층 (목동),"장어,먹장어요리","수/11:00 - 24:00
목/11:00 - 24:00
금/11:00 - 새벽 01:00
토/11:00 - 새벽 01:00
일/11:00 - 24:00
월/11:00 - 24:00
화/11:00 - 24:00
","꼼장어 : 18,000원
닭발 : 18,000원
쭈꾸미샤브샤브 : 45,000원
바다장어 : 45,000원
통닭발 : 18,000원
낙지볶음 : 23,000원
전복회 : 20,000원
전복수제비탕 : 18,000원
낙지수제비탕 : 18,000원
",02-2646-3895
3130000-101-2007-00206,양평해장국, 망원동,3130000.0,서울특별시 마포구 방울내로11길 16 (망원동하나빌딩 101호),해장국,"수/07:00 - 22:00
목/07:00 - 22:00
금/07:00 - 22:00
토/07:00 - 22:00
일/07:00 - 22:00
월/07:00 - 22:00
화/07:00 - 22:00
","해장국 : 8,000원
내장탕 : 10,000원
메밀전 : 5,000원
수육 : 25,000원
내장전골 (2인) : 24,000원
내장전골 (3인) : 32,000원
내장전골 (4인) : 40,000원
",02-337-6395
3060000-101-2018-00069,리킨, 망우동,3060000.0,서울특별시 중랑구 용마공원로 1 1층 (망우동),"치킨,닭강정",,"후라이드치킨 : 15,000원
양념치킨 : 16,000원
파닭파닭 : 16,000원
치킨골뱅이 : 23,000원
과일과치킨 : 25,000원
모듬소시지 : 18,000원
소시지야채볶음 : 17,000원
줄삼겹소시지 : 16,000원
새우튀김 : 10,000원
돈까스 : 13,000원
모듬감자튀김 : 12,000원
치즈스틱+감자튀김 : 13,000원
치즈소시지그라탕 : 15,000원
고르곤졸라피자 : 14,000원
리킨피자 : 16,000원
",02-432-0045
3050000-101-2022-00179,진주포차, 전농동,3050000.0,서울특별시 동대문구 서울시립대로 59-1 (전농동),포장마차,등록된 영업시간이 없습니다.,등록된 메뉴가 없습니다.,등록된 전화번호가 없습니다.
3060000-101-2022-00146,무봉리 토종순대국, 망우동,3060000.0,서울특별시 중랑구 양원역로14길 3 101호 (망우동),"순대,순댓국","매일/10:00 - 21:00
","순대국 : 9,000원
우거지 얼큰순대국 : 10,000원
뼈해장국 : 9,000원
내장탕 : 11,000원
파육개장 : 9,000원
꼬막비빔밥 : 10,000원
찰순대 : 9,000원
토종순대(중) : 17,000원
토종순대(대) : 22,000원
모듬순대(중) : 17,000원
모듬순대(대) : 22,000원
순대전골(중) : 28,000원
순대전골(대) : 33,000원
편육 : 12,000원
막창볶음 : 20,000원
",02-432-2224
3020000-101-2019-00329,빈이네, 보광동,3020000.0,서울특별시 용산구 보광로24길 30 1층 (보광동),"맥주,호프",등록된 영업시간이 없습니다.,등록된 메뉴가 없습니다.,등록된 전화번호가 없습니다.
3140000-101-2001-08263,김가네김밥목동중앙점, 목동,3140000.0,서울특별시 양천구 목동동로 385 (목동벽산미라지타운 104호),분식,"수/10:00 - 21:00/14:30 - 15:30 브레이크타임/20:30 라스트오더
목/정기휴무 (매주 목요일)
금/10:00 - 21:00/14:30 - 15:30 브레이크타임/20:30 라스트오더
토/10:00 - 21:00/14:30 - 15:30 브레이크타임/20:30 라스트오더
일/10:00 - 21:00/14:30 - 15:30 브레이크타임/20:30 라스트오더
월/10:00 - 21:00/14:30 - 15:30 브레이크타임/20:30 라스트오더
화/10:00 - 21:00/14:30 - 15:30 브레이크타임/20:30 라스트오더
","김가네김밥 : 변동
바삭돈까스롤김밥 : 변동
멸추김밥 : 변동
스팸김밥 : 변동
면류 : 변동
라이스류 : 변동
스페셜류 : 변동
분식류 : 변동
",02-2062-2111
3100000-101-1992-03856,처갓집양념치킨중계점, 중계동,3100000.0,서울특별시 노원구 동일로 1279 중계그린아파트 AB 상가 1층 109호 (중계동),"치킨,닭강정",등록된 영업시간이 없습니다.,"후라이드치킨 : 18,000원
양념치킨 : 19,000원
양념반/후라이드반치킨 : 19,000원
훈제치킨 : 19,000원
닭강정 : 21,000원
",등록된 전화번호가 없습니다.
3230000-101-2022-00372,팔각동, 송파동,3230000.0,서울특별시 송파구 송파대로48길 7 세영빌딩 1층 104호 (송파동),중식당,"수/11:30 - 21:00/15:00 - 17:30 브레이크타임/20:30 라스트오더
목/11:30 - 21:00/15:00 - 17:30 브레이크타임/20:30 라스트오더
금/11:30 - 21:00/15:00 - 17:30 브레이크타임/20:30 라스트오더
토/11:30 - 21:00/15:00 - 17:30 브레이크타임/20:30 라스트오더
일/11:30 - 21:00/15:00 - 17:30 브레이크타임/20:30 라스트오더
월/정기휴무 (매주 월요일)
화/11:30 - 21:00/15:00 - 17:30 브레이크타임/20:30 라스트오더
","탄탄면 : 12,000원
마장면 : 12,000원
동파육밥 : 18,000원
사천마파면 : 12,000원
사천마파밥 : 11,000원
흑초탕수육(소) : 17,000원
흑초탕수육(중) : 27,000원
오이초절임 : 3,000원
",02-415-8884
3230000-101-1983-13124,하얼빈 양꼬치, 잠실동,3230000.0,서울특별시 송파구 백제고분로17길 45 지상1층 (잠실동),양꼬치,"수/13:00 - 24:00
목/13:00 - 24:00
금/13:00 - 24:00
토/13:00 - 24:00
일/정기휴무 (매주 일요일)
월/13:00 - 24:00
화/13:00 - 24:00
","고급양갈비 : 24,000원
꿔,보우,로우 : 19,000원
어향육사 : 19,000원
양꼬치 : 13,000원
양갈비살 : 15,000원
가지볶음 : 16,000원
",02-421-9288
3100000-101-2017-00197,더진국, 월계동,3100000.0,서울특별시 노원구 광운로 37-1 2층 (월계동),국밥,"매일/10:00 - 21:00
","수육국밥 : 9,000원
순대국밥 : 9,000원
얼큰국밥 : 9,500원
옛날전통순댓국 : 10,000원
제주무국밥 : 9,000원
수육곰탕 : 10,000원
돈추구탕 : 12,000원
직화물냉면 : 8,000원
직화비빔냉면 : 9,000원
수육백반정식 : 13,000원
직화구이정식 : 13,000원
얼큰술국 : 22,000원
김치찜 : 22,000원
순대볶음 : 20,000원
토종순대 : 7,000원
",02-2088-5160
3230000-101-1997-04321,일미식당, 오금동,3230000.0,서울특별시 송파구 마천로 165 지상1층 (오금동),한식,등록된 영업시간이 없습니다.,등록된 메뉴가 없습니다.,02-430-5276
3060000-101-2003-00681,다우 , 면목동,3060000.0,서울특별시 중랑구 면목로29길 8 (면목동),중식당,"수/11:30 - 22:00/15:00 - 17:00 브레이크타임
목/11:30 - 22:00/15:00 - 17:00 브레이크타임
금/11:30 - 22:00/15:00 - 17:00 브레이크타임
토/11:30 - 22:00/15:00 - 17:00 브레이크타임
일/정기휴무 (매주 일요일)
월/11:30 - 22:00/15:00 - 17:00 브레이크타임
화/11:30 - 22:00/15:00 - 17:00 브레이크타임
","짜장면 : 7,000원
어향가지 : 23,000원
짬뽕 (면&밥) : 9,000원
다우볶음밥 : 8,500원
매운볶음밥 : 9,000원
칠리새우 : 21,000원
고추짜장면 : 7,500원
",02-6406-3472
3030000-101-2022-00215,훈이네, 성수동2가,3030000.0,서울특별시 성동구 성수이로 32-3 1층 (성수동2가),한식,등록된 영업시간이 없습니다.,"토종닭백숙 : 47,000원
닭도리탕 : 27,000원
닭내장탕 대 : 25,000원
닭내장탕 중 : 20,000원
닭내장탕1인 : 10,000원
동태탕 대 : 25,000원
김치찌개 2인 : 15,000원
제육볶음 1인 : 8,000원
돼지껍데기볶음 : 10,000원
닭똥집 : 10,000원
닭발 : 10,000원
허파볶음 : 10,000원
",등록된 전화번호가 없습니다.
3050000-101-2021-00317,춘리마라탕, 이문동,3050000.0,서울특별시 동대문구 경희대로4길 79 1층 104호 (이문동),중식당,등록된 영업시간이 없습니다.,"대한민국 대표 마라탕(1인분) : 9,900원
대한민국 대표 마라탕(2~3인분) : 15,900원
셀프 마라탕 : 1,900원
불맛 일품 마라샹궈(1인분) : 15,900원
불맛 일품 마라샹궈(2~3인분) : 29,900원
셀프 마라샹궈(15900원 이하 주문 공기밥 X) : 1,900원
꿔바로우 (소스는 따로 제공됩니다.)(중) : 11,900원
꿔바로우 (소스는 따로 제공됩니다.)(대) : 16,900원
양저우볶음밥(1인분) : 7,000원
대한민국 대표 마라탕(1인분) : 9,900원
대한민국 대표 마라탕(2~3인분) : 15,900원
셀프 마라탕 : 1,900원
불맛 일품 마라샹궈(1인분) : 15,900원
불맛 일품 마라샹궈(2~3인분) : 29,900원
코카콜라(500ml) : 2,000원
펩시콜라(500ml) : 2,000원
환타(파인애플)(355ml) : 2,000원
사이다(500ml) : 2,000원
빙홍차(500ml) : 3,000원
",02-960-7277
3130000-101-2017-00500,서강노가리, 노고산동,3130000.0,서울특별시 마포구 고산길 22 1층 (노고산동),"맥주,호프","수/18:00 - 새벽 02:00/새벽 01:30 라스트오더
목/18:00 - 새벽 02:00/새벽 01:30 라스트오더
금/18:00 - 새벽 02:00/새벽 01:30 라스트오더
토/18:00 - 새벽 02:00/새벽 01:30 라스트오더
일/정기휴무 (매주 일요일)
월/18:00 - 새벽 02:00/새벽 01:30 라스트오더
화/18:00 - 새벽 02:00/새벽 01:30 라스트오더
","노가리 : 2,500원
먹 태 : 16,000원
뚱문어 : 12,000원
짜파게티 : 5,000원
떡볶이 : 15,000원
",02-717-0566
3220000-101-2022-00708,옐로우피자, 논현동,3220000.0,서울특별시 강남구 논현로111길 36 승운빌딩 지상1층 (논현동),피자,등록된 영업시간이 없습니다.,"불고기 Medium : 16,500원
불고기 Large : 19,000원
베지테리언 Medium : 16,000원
베지테리언 Large : 18,500원
콤비네이션 Medium : 16,500원
콤비네이션 Large : 19,000원
고구마클래시카 Medium : 16,000원
고구마클래시카 Large : 18,500원
고구마 Medium : 16,000원
고구마 Large : 18,500원
올댓미트 Medium : 16,500원
올댓미트 Large : 19,000원
하와이안 Medium : 16,000원
하와이안 Large : 18,500원
페퍼로니 Medium : 16,000원
",02-516-1218
3220000-101-2019-00456,앤플로우 커피, 도곡동,3220000.0,서울특별시 강남구 남부순환로359길 18 지상1층 (도곡동),"카페,디저트","수/08:30 - 22:00
목/08:30 - 22:00
금/08:30 - 22:00
토/12:00 - 20:00
일/12:00 - 20:00
월/08:30 - 22:00
화/08:30 - 22:00
","카페라떼 : 4,300원
플랫화이트 : 4,300원
아인슈패너 : 5,000원
생과일 타르트 : 6,500원
아메리카노 : 4,000원
솔티드카라멜크림 : 5,000원
민트딸기에이드 : 5,500원
바닐라아이스크림 파운드케익 : 4,000원
베이글 : 4,000~4,500
",02-571-3591
3150000-101-2022-00290,육회바른연어, 화곡동,3150000.0,서울특별시 강서구 화곡로 142 메가박스 1층 101호 (화곡동),요리주점,"매일/11:00 - 새벽 02:00
","유부초밥(육회,연어,타코,스테이크) : 2,500원
육회무한 : 18,900원
연어무한 : 23,900원
육회연어무한 : 23,900원
육회쫄면(2인분) : 13,900원
육회덮밥 : 6,900원
연어덮밥 : 7,900원
스테이크초밥 : 7,900원
연어초밥 : 7,900원
육회 : 12,900원
한사랑세트 : 30,900원
혼술세트1 : 12,900원
혼밥세트3 : 18,900원
육사시미 200g : 27,900원
날치알주먹밥 : 3,000원
",02-2138-3458
3150000-101-2022-00284,생활맥주, 화곡동,3150000.0,서울특별시 강서구 월정로 142 1층 (화곡동),"맥주,호프","매일/16:00 - 새벽 02:00
","생활 부대 떡볶이 : 17,000원
앵그리버드 : 18,000원
앵그리버드와 감자 : 21,000원
앵그리버드 레드 : 19,000원
앵그리버드 블랙 : 19,000원
크리스피 텐더와 새우 : 18,000원
버팔로 윙과 감자 : 16,000원
그린라이트 샐러드 : 15,000원
소시지와 친구들 : 15,000원
백화점 육포와 땅콩 : 14,000원
스팸튀김 : 10,000원
오리지널 감자튀김 : 9,000원
케이준 감자튀김 : 9,000원
나초칩 : 9,000원
골빔면 : 11,000원
",070-7537-3370
3110000-101-2021-00059,도우라이크, 응암동,3110000.0,서울특별시 은평구 불광천길 536 1층 103호 (응암동 애필리움),피자,"수/10:00 - 23:59
목/10:00 - 23:59
금/10:00 - 23:59
토/10:00 - 23:59
일/10:00 - 23:59
월/10:00 - 23:59
화/10:00 - 23:59
","콤비네이션대표 : 13,900원14,900원
스윗고구마대표 : 14,900원15,900원
멜팅포테이토대표 : 16,900원17,900원
콤비네이션대표 : 13,900원14,900원
허니고르곤졸라 : 13,900원14,900원
페페로니 : 13,900원14,900원
콘치즈 : 13,900원14,900원
리얼치즈 : 13,900원14,900원
마가리타 : 14,900원15,900원
스윗고구마대표 : 14,900원15,900원
리얼불고기 : 14,900원15,900원
리얼포테이토 : 14,900원15,900원
파인애플 : 13,900원14,900원
베지홀릭 : 13,900원14,900원
멕시칸핫불고기매운맛2단계 : 15,900원16,900원
프렌치프라이 : 15,900원16,900원
베이컨체다치즈 : 15,900원16,900원
갈릭불고기 : 15,900원16,900원
페페로니딜라이트 : 14,900원15,900원
치킨홀릭 : 15,900원16,900원
미트러버 : 16,900원17,900원
스파이시핫치킨매운맛2단계 : 16,900원17,900원
멜팅포테이토대표 : 16,900원17,900원
슈퍼하와이언 : 16,900원17,900원
베이컨불고기 : 16,900원17,900원
베이컨포테이토 : 16,900원17,900원
더블바베큐 : 16,900원17,900원
슈퍼슈프림 : 17,900원18,900원
핫베이컨할라피뇨 : 17,900원19,900원
직화갈비 : 17,900원19,900원
베이컨쉬림프 : 17,900원19,900원
베이컨딥치즈 : 20,900원21,900원
갈릭스테이크 : 19,900원20,900원
핫치킨쉬림프 : 19,900원20,900원
페페로니딥치즈 : 20,900원21,900원
토마토파스타 : 5,900원
토마토베이컨파스타 : 6,900원
토마토불고기파스타 : 6,900원
까르보나라파스타 : 7,900원
오지치즈프라이 : 5,900원
칼초네(4조각) : 5,900원
핫윙(8조각) : 6,900원
바베큐치킨(6조각) : 6,900원
새우링(8조각) : 6,900원
훈제치킨(한마리) : 12,900원
코카콜라 1.25L : 2,500원
코카콜라 500ml : 1,500원
스프라이트 1.5L : 2,500원
스프라이트 500ml : 1,500원
환타 500ml : 1,500원
생맥주 1000cc : 7,000원
",02-356-8038
3110000-101-2014-00098,명륜진사갈비, 응암동,3110000.0,서울특별시 은평구 응암로 235 (응암동 1층),"육류,고기요리","매일/11:30 - 22:30
","숯불돼지갈비 무한리필(성인) : 16,500원
숯불돼지갈비 무한리필(8-10세) : 10,000원
숯불돼지갈비 무한리필(5-7세) : 8,000원
된장찌개 : 2,900원
김치찌개 : 2,900원
계란찜 : 3,900원
냉면(물, 비빔) : 4,900원
",02-304-9229
3110000-101-2019-00261,낭만상회, 응암동,3110000.0,서울특별시 은평구 은평로14길 4-1 1층 (응암동),요리주점,"수/17:30 - 새벽 01:00
목/17:30 - 새벽 01:00
금/17:30 - 새벽 01:00
토/17:30 - 새벽 01:00
일/정기휴무 (매주 일요일)
월/17:30 - 새벽 01:00
화/17:30 - 새벽 01:00
","돈꼬랭이 : 16,000원
스지어묵탕 : 15,000원
국물뼈닭발 : 14,000원
명란구이 : 10,000원
고르곤졸라 피자 : 10,000원
치킨 가라아게 : 14,000원
육전 : 15,000원
토마토해물스튜 : 14,000원
통오징어+베리황도 : 15,000원
딱새우 : 22,000원
",02-388-0100
3110000-101-2007-00231,담터, 응암동,3110000.0,서울특별시 은평구 가좌로7다길 5 1층 (응암동),"육류,고기요리","매일/17:00 - 23:30
","한우등심(1인)200g : 30,000원
한돈삼겹살(3인)600g : 39,000원
",02-308-3392
3110000-101-2020-00392,저스트텐동&경양카츠, 응암동,3110000.0,서울특별시 은평구 은평로 220 B동 B125 B126호 (응암동 녹번역e편한세상캐슬아파트),돈가스,"수/11:30 - 21:00/15:20 - 17:00 브레이크타임
목/11:30 - 21:00/15:20 - 17:00 브레이크타임
금/11:30 - 21:00/15:20 - 17:00 브레이크타임
토/11:30 - 21:00/15:20 - 17:00 브레이크타임
일/11:30 - 21:00/15:20 - 17:00 브레이크타임
월/11:30 - 21:00/15:20 - 17:00 브레이크타임
화/11:30 - 21:00/15:20 - 17:00 브레이크타임
","저스트 텐동 : 11,900원
락토오보(채소) 텐동 : 11,900원
에비 텐동 : 13,900원
생선 텐동 : 15,900원
스페셜 텐동 : 17,900원
냉우동 (간장비빔 우동) : 6,500원
저스트 텐동 : 11,900원
락토오보(채소) 텐동 : 11,900원
에비 텐동 : 13,900원
생선 텐동 : 15,900원
스페셜 텐동 : 17,900원
온우동 : 6,000원
냉우동 (간장비빔 우동) : 6,500원
김 : 500원
수란 : 1,000원
팽이버섯 : 1,000원
오징어채(2pcs) : 1,000원
새우 : 2,000원
감자샐러드 : 4,000원
콜라 : 2,000원
사이다 : 2,000원
탄산수 : 2,000원
",02-733-1688
3110000-101-2015-00176,누나 홀닭, 응암동,3110000.0,서울특별시 은평구 응암로11길 5 (응암동 1층),"치킨,닭강정","매일/17:00 - 새벽 03:00
","크런킹 : 21,900원
촉촉칸닭 : 17,900원
바사칸닭 : 17,900원
갈릭로스트 : 19,900원
후레쉬쌈닭 : 22,900원
바베큐쌈닭 : 22,900원
촉촉칸 치빵파티 : 27,900원
촉촉칸닭+쫄뱅이 : 33,900원
바사칸닭+쫄뱅이 : 33,900원
바사칸 치빵파티 : 27,900원
후레쉬쌈닭 : 22,900원
바베큐쌈닭 : 22,900원
쌈닭화히타 : 22,900원
파닥파닭 : 21,900원
크런킹 : 21,900원
바사칸닭 : 17,900원
양념에반한닭 : 19,900원
간장에반한닭 : 19,900원
레드홀릭 : 19,900원
순살 바사칸닭 : 19,900원
촉촉칸닭 : 17,900원
레드그릴 : 19,900원
불고기그릴 : 19,900원
불고기레드그릴 : 20,900원
갈릭로스트 : 19,900원
국물떡볶이 : 3,900원
칠리나쵸 : 6,000원
체다 치즈볼 : 5,900원
치빵치킨샐러드 : 10,900원
똥집강정 : 10,900원
쫄뱅이 : 16,900원
치빔면 : 11,900원
시실리안 퀘사디아 : 12,900원
불고기 치킨 퀘사디아 : 12,900원
까르보 치킨떡볶이 : 9,900원
바삭이 먹태 : 16,900원
노가리 : 11,900원
쥐포 : 11,900원
한치 : 14,900원
제로콜라 355ml : 2,000원
코카콜라 500ml : 2,000원
스프라이트 500ml : 2,000원
판타500ml : 2,000원
콜라콜라 1.25l : 3,000원
또띠아 추가 : 2,000원
쌈무 추가 : 1,000원
깻잎 추가 : 1,000원
갈릭치즈 소스 추가 : 500원
칠리소스 추가 : 500원
사워크림 추가 : 500원
과카몰리 추가 : 500원
날치알 추가 : 1,000원
",02-373-2353
3110000-101-2013-00131,신의주 찹쌀 순대, 응암동,3110000.0,서울특별시 은평구 은평로 108 (응암동 1층106호),"순대,순댓국","수/00:00 - 24:00
목/00:00 - 24:00
금/00:00 - 24:00
토/00:00 - 24:00
일/00:00 - 22:00
월/00:00 - 24:00
화/00:00 - 24:00
","순대국(일반) : 9,000원
순대국(고기만) : 9,000원
순대국(순대만) : 9,000원
신의주정식(뚝배기일반) : 13,000원
신의주정식(뚝배기고기만) : 13,000원
신의주정식(뚝배기순대만) : 13,000원
한우소머리 : 11,000원
뼈해장국 : 10,000원
찹쌀순대(한접시) : 10,000원
신의주모듬(수육은차갑게제공)(소) : 24,000원
신의주모듬(수육은차갑게제공)(대) : 30,000원
순대국(일반) : 9,000원
순대국(고기만) : 9,000원
순대국(순대만) : 9,000원
특순대국(일반) : 11,000원
특순대국(고기만) : 11,000원
속초진짜오징어순대(1마리) : 16,000원
속초진짜오징어순대(2마리) : 30,000원
신의주술국 : 22,000원
신의주전골 : 32,000원
찹쌀순대(소) : 20,000원
찰순대(한접시) : 9,000원
찹쌀순대(한접시) : 10,000원
야채고기순대(한접시) : 10,000원
모듬순대(한접시) : 11,000원
왕만두 : 8,000원
콜라 : 2,000원
사이다 : 2,000원
환타 파인애플맛 : 2,000원
공기밥 : 1,000원
",02-353-8959
3110000-101-1999-06561,마라하오, 응암동,3110000.0,서울특별시 은평구 백련산로 177-25 (응암동 1층),중식당,등록된 영업시간이 없습니다.,등록된 메뉴가 없습니다.,등록된 전화번호가 없습니다.
3120000-101-2009-00194,서대문 화우, 충정로2가,3120000.0,서울특별시 서대문구 통일로9안길 32 (충정로2가),"육류,고기요리","수/11:00 - 22:00/14:00 - 16:00 브레이크타임
목/11:00 - 22:00/14:00 - 16:00 브레이크타임
금/11:00 - 22:00/14:00 - 16:00 브레이크타임
토/11:00 - 22:00
일/정기휴무 (매주 일요일)
월/11:00 - 22:00/14:00 - 16:00 브레이크타임
화/11:00 - 22:00/14:00 - 16:00 브레이크타임
","한우 등심 (130g) : 42,000원
한우 안심 (130g) : 45,000원
한우 살치살 (130g) : 49,000원
와규 등심 (130g) : 29,000원
와규 살치살 (130g) : 35,000원
한우육회 : 27,000원
육전 : 20,000원
된장찌개 : 9,000원
물냉면 : 9,000원
비빔냉면 : 9,000원
[점심메뉴] 화우 런치세트 : 25,000원
[점심메뉴] 한우육회비빔밥 : 12,000원
",02-2135-7701
3220000-101-2000-22730,아쭈, 논현동,3220000.0,서울특별시 강남구 강남대로112길 15 지상2층 (논현동),주꾸미요리,"매일/11:00 - 24:00/15:00 - 17:00 브레이크타임
","낙지삼합 : 30,000원
철판쭈꾸미 : 16,000원
쭈삼(쭈꾸미+삼겹살) : 16,000원
쭈우삼겹(쭈꾸미+우삼겹) : 17,000원
쭈닭갈비(쭈꾸미+닭갈비) : 16,000원
쭈새(쭈꾸미+새우) : 15,000원
쭈꼼(쭈꾸미+꼼장어) : 17,000원
쭈소불고기 : 16,000원
냉면(여름특선) : 8,000원
치즈퐁듀 : 7,000원
날치알볶음밥 : 4,000원
계란찜 : 6,000원
리얼치즈볶음밥 : 4,000원
날치알+천연버터볶음밥 : 5,000원
쭈꾸미비빔밥 : 9,000원
",02-558-5353
3140000-101-1987-03598,종이연, 목동,3140000.0,서울특별시 양천구 등촌로 148 (목동 1층),당구장,"매일/10:00 - 23:00
",등록된 메뉴가 없습니다.,02-2642-7338
3220000-101-2022-00707,모어 매니 모어, 청담동,3220000.0,서울특별시 강남구 도산대로66길 19 지상1층 (청담동),햄버거,"수/11:30 - 21:30/15:00 - 17:00 브레이크타임/20:45 라스트오더
목/11:30 - 21:30/15:00 - 17:00 브레이크타임/20:45 라스트오더
금/11:30 - 21:30/15:00 - 17:00 브레이크타임/20:45 라스트오더
토/11:30 - 21:30/15:00 - 17:00 브레이크타임/20:45 라스트오더
일/11:30 - 21:30/15:00 - 17:00 브레이크타임/20:45 라스트오더
월/정기휴무 (매주 월요일)
화/11:30 - 21:30/15:00 - 17:00 브레이크타임/20:45 라스트오더
","심플버거 : 13,000원
클래식 버거 : 15,000원
베이컨 버거 : 18,000원
비프칠리 버거 : 18,000원
행오버 버거 : 21,000원
그릴드치킨 버거 : 15,000원
랍스터버거 : 68,000원
",등록된 전화번호가 없습니다.
3220000-101-2022-00706,테이퍼드커피, 삼성동,3220000.0,서울특별시 강남구 선릉로 622 대영빌딩 지상1층 (삼성동),"카페,디저트","매일/08:00 - 23:00/22:30 라스트오더
","cream mocha : 5,500원
vanilla bean double shot(ICE) : 5,000원
carrot cake scookie : 4,500원
fig & bluecheese scone : 3,800원
lemon pound cake : 5,000원
chocolate pound cake : 5,500원
carrot cake scookie : 4,500원
raspberry lemon scookie : 4,500원
salty chocolate chip cookie : 3,800원
americano : 4,000원
americano (size up)(ICE) : 5,000원
cafe latte : 4,500원
OAT_LY latte : 5,500원
vanilla bean latte : 5,000원
cold brew (Decaf.)(ICE) : 5,000원
cold brew latte (Decaf.)(ICE) : 5,500원
tapered milk tea(ICE) : 6,000원
camomile : 5,000원
pepermint : 5,000원
packs a peach : 5,000원
french earl grey : 5,000원
",02-544-0719
3170000-101-2022-00118,롯데컬처웍스, 가산동,3170000.0,서울특별시 금천구 디지털로10길 9 현대시티아울렛 가산점 6층 판-601(일부)호 (가산동),영화관,등록된 영업시간이 없습니다.,등록된 메뉴가 없습니다.,1544-8855
3050000-101-2004-00036,풍년해물탕, 청량리동,3050000.0,서울특별시 동대문구 제기로38길 56 1층 (청량리동),"매운탕,해물탕","매일/10:00 - 22:00
","모듬스페셜 : 80,000원
",02-967-1771
3180000-101-2022-00286,바 세븐, 대림동,3180000.0,서울특별시 영등포구 대림로 211 화성빌딩 2층 202호 (대림동),바(BAR),등록된 영업시간이 없습니다.,등록된 메뉴가 없습니다.,02-888-4488
3170000-101-2013-00237,소곱창연구소, 시흥동,3170000.0,서울특별시 금천구 독산로 82 지상1층 (시흥동),"곱창,막창,양",등록된 영업시간이 없습니다.,등록된 메뉴가 없습니다.,02-869-5379
3030000-101-2022-00197,라에비뉴, 성수동2가,3030000.0,서울특별시 성동구 성수일로10길 33 기독교대한성결교회 1층 103호 (성수동2가),"카페,디저트","수/09:30 - 21:30/20:30 라스트오더
목/09:30 - 21:30/20:30 라스트오더
금/09:30 - 21:30/20:30 라스트오더
토/11:30 - 21:30/20:30 라스트오더
일/09:00 - 21:30/20:30 라스트오더
월/09:30 - 21:30/20:30 라스트오더
화/09:30 - 21:30/20:30 라스트오더
","카페라떼 : 5,300원
아메리카노 : 4,800원
",070-5100-0527
3030000-101-2022-00172,이트앤드링크, 성수동2가,3030000.0,서울특별시 성동구 성수일로8길 39-1 1층 (성수동2가),"카페,디저트","매일/10:00 - 22:00/21:30 라스트오더
","애플시나몬밀크 : 7,500원
",02-3554-2860
3180000-101-2022-00285,중화가옥, 영등포동6가,3180000.0,서울특별시 영등포구 영등포로35길 15 1층 (영등포동6가),중식당,"수/11:00 - 21:30/15:00 - 17:00 브레이크타임/21:00 라스트오더
목/11:00 - 21:30/15:00 - 17:00 브레이크타임/21:00 라스트오더
금/11:00 - 21:30/15:00 - 17:00 브레이크타임/21:00 라스트오더
토/11:00 - 21:30/15:00 - 17:00 브레이크타임/21:00 라스트오더
일/정기휴무 (매주 일요일)
월/11:00 - 21:30/15:00 - 17:00 브레이크타임/21:00 라스트오더
화/11:00 - 21:30/15:00 - 17:00 브레이크타임/21:00 라스트오더
","짜장면 : 6,000원
간짜장 : 8,000원
쟁반짜장(1인) : 9,000원
해물짬뽕 : 9,000원
차돌짬뽕 : 11,000원
마늘볶음밥 : 9,000원
새우볶음밥 : 8,000원
마파두부밥 : 9,000원
잡채밥 : 8,000원
중국냉면 : 10,000원
냉짬뽕 : 11,000원
탕수육 : 23,000원
숙주탕수육 : 25,000원
사천탕수육 : 24,000원
멘보샤 : 12,000원
",02-6348-7501
3220000-101-2022-00704,샐러디치 오도씨, 도곡동,3220000.0,서울특별시 강남구 남부순환로363길 16 지상1층 103호 (도곡동),"다이어트,샐러드","수/10:00 - 20:30
목/10:00 - 20:30
금/10:00 - 20:30
토/10:00 - 20:30
일/10:00 - 20:30
월/10:00 - 20:30
화/10:00 - 20:30
","함박스테이크 샐러드N : 10,000원
쉬림프 아보카도 샐러드대표 : 10,900원
치킨 텐더 샐러드대표 : 8,500원
훈제오리 샐러드대표 : 8,900원
바질토마토 샌드위치대표 : 6,800원
에그치즈 샌드위치대표 : 5,900원
핫치킨 샌드위치매운맛1단계대표 : 6,800원
샌디음료SET(샌드위치+커피) : 8,800원
샐러디치SET(샌드위치+미니샐러드) : 10,000원
쉬림프 아보카도 샐러드대표 : 10,900원
고구마 샐러드 : 7,500원
단호박 샐러드 : 7,500원
토마토쇼트파스타 샐러드 : 8,000원
바질쇼트파스타 샐러드 : 8,000원
새우튀김 샐러드 : 8,500원
버섯구이 샐러드 : 8,000원
닭가슴살 샐러드 : 8,000원
아보카도 샐러드 : 8,500원
쉬림프 샐러드 : 8,900원
함박스테이크 샐러드N : 10,000원
치킨 텐더 샐러드대표 : 8,500원
훈제오리 샐러드대표 : 8,900원
바질토마토 샌드위치대표 : 6,800원
햄치즈 샌드위치 : 5,900원
에그치즈 샌드위치대표 : 5,900원
와사비크래미 샌드위치 : 6,800원
새우튀김 샌드위치 : 6,800원
치킨텐더 샌드위치 : 6,800원
데리야끼치킨 샌드위치 : 6,800원
핫치킨 샌드위치매운맛1단계대표 : 6,800원
아메리카노 : 3,000원
헤이즐럿 아메리카노 : 3,500원
디카페인 아메리카노 : 3,900원
아샷추(아이스티+샷) : 3,500원
헤이즐럿 라떼 : 4,500원
바닐라 라떼 : 4,500원
카페라떼 : 3,500원
복숭아 아이스티 : 3,000원
캐모마일 : 3,500원
히비스커스 : 3,500원
페퍼민트 : 3,500원
얼그레이 : 3,500원
레몬 에이드 : 4,500원
청포도 에이드 : 4,500원
자몽 에이드 : 4,500원
로열 밀크티 : 4,500원
무알콜 뱅쇼 : 5,500원
캐모마일 릴렉서 : 5,500원
캐모마일 릴렉서 에이드 : 5,500원
뱅쇼 에이드 : 6,000원
아몬드브리즈(오리지널) : 1,500원
제로콜라 : 2,000원
빅토리아 탄산수(레몬) : 2,000원
스프라이트 : 2,000원
코카콜라 : 2,000원
",02-3462-5557
3070000-101-2004-00632,녹원양꼬치, 석관동,3070000.0,서울특별시 성북구 한천로78길 32 1층 (석관동),양꼬치,"매일/12:00 - 24:00
","오징어볶음 : 16,000원
양꼬치 10꼬치 : 14,000원
고급갈비 200g : 20,000원
양갈비살 10꼬치 : 17,000원
",02-966-7778
3150000-101-2022-00353,진성식당, 등촌동,3150000.0,서울특별시 강서구 강서로56길 50 주양빌딩 1층 (등촌동),"육류,고기요리","수/11:30 - 22:00/15:00 - 17:00 브레이크타임/21:30 라스트오더
목/11:30 - 22:00/15:00 - 17:00 브레이크타임/21:30 라스트오더
금/11:30 - 22:00/15:00 - 17:00 브레이크타임/21:30 라스트오더
토/11:30 - 22:00/15:00 - 17:00 브레이크타임/21:30 라스트오더
일/11:30 - 22:00/15:00 - 17:00 브레이크타임/21:30 라스트오더
월/정기휴무 (매주 월요일)
화/11:30 - 22:00/15:00 - 17:00 브레이크타임/21:30 라스트오더
","(단품)대 : 52,000원
(단품)중 : 39,000원
(단품)소 : 26,000원
대 세트 : 58,000원
중 세트 : 45,000원
소 세트 : 32,000원
",070-8737-0027
3230000-101-2022-00371,오니, 마천동,3230000.0,서울특별시 송파구 마천로51길 16 1층 1호 (마천동),이자카야,"수/17:00 - 새벽 02:00
목/17:00 - 새벽 02:00
금/17:00 - 새벽 02:00
토/17:00 - 새벽 02:00
일/17:00 - 새벽 02:00
월/17:00 - 새벽 02:00
화/정기휴무 (매주 화요일)
","국물닭발 : 18,000원
메로구이 : 25,000원
불오징어 볶음 : 19,000원
소고기 타다끼 : 20,000원
냉골뱅이 : 18,000원
까르보나라 치킨 : 18,000원
홍짬뽕탕 : 20,000원
모찌리 도후 : 7,000원
",02-2043-8501
